<?xml version="1.0" encoding="UTF-8"?>
<project-private xmlns="http://www.netbeans.org/ns/project-private/1">
    <editor-bookmarks xmlns="http://www.netbeans.org/ns/editor-bookmarks/2" lastBookmarkId="0"/>
    <open-files xmlns="http://www.netbeans.org/ns/projectui-open-files/2">
        <group>
            <file>file:/C:/Users/ricar/Downloads/SignUp_KGradienPaneltExample-master%20(1)/PAP/src/PAP/consultar.java</file>
            <file>file:/C:/Users/ricar/Downloads/SignUp_KGradienPaneltExample-master%20(1)/PAP/src/PAP/inicio.java</file>
            <file>file:/C:/Users/ricar/Downloads/SignUp_KGradienPaneltExample-master%20(1)/PAP/src/PAP/login.java</file>
            <file>file:/C:/Users/ricar/Downloads/SignUp_KGradienPaneltExample-master%20(1)/PAP/src/PAP/recuperarPass.java</file>
        </group>
    </open-files>
</project-private>
